set feedback off
prompt Creating and populating tables and sequences.  Please wait.

Rem Create and populate tables.
CREATE TABLE KHOI 
( 
	MAKHOI varchar (2) ,
	TENKHOI varchar (2),
	SoLopToiDaCuaKhoi number (7), 
	CONSTRAINT KHOI_MAKHOI_PK PRIMARY KEY (MAKHOI)
) ;

INSERT INTO KHOI VALUES('10','10',0);
INSERT INTO KHOI VALUES('11','11',0);
INSERT INTO KHOI VALUES('12','12',0);
COMMIT;

CREATE TABLE LOP (
	MALOP varchar (2) ,
	TENLOP varchar (4) ,
	SISO NUMBER(7) ,
	MAKHOI varchar (2) ,
	CONSTRAINT LOP_MALOP_PK PRIMARY KEY (MALOP),
	CONSTRAINT LOP_KHOI_FK FOREIGN KEY(MAKHOI) REFERENCES KHOI(MAKHOI) 
);

 INSERT INTO LOP VALUES('A1','12A1',25,'12');
 INSERT INTO LOP VALUES('A2','12A2',25,'12');
 INSERT INTO LOP VALUES('A3','12A3',25,'12');
 
 INSERT INTO LOP VALUES('B1','11A1',25,'11');
 INSERT INTO LOP VALUES('B2','11A2',25,'11');
 INSERT INTO LOP VALUES('B3','11A3',25,'11');
 
 INSERT INTO LOP VALUES('C1','10A1',25,'10');
 INSERT INTO LOP VALUES('C2','10A2',25,'10');
 INSERT INTO LOP VALUES('C3','10A3',25,'10');
 
COMMIT;

CREATE TABLE HOCSINH (
	MAHS varchar (5) ,
	HOTEN varchar (40) ,
	PHAI varchar (3) ,
	NGAYSINH date ,
	DIACHI varchar (50) ,
	MALOP varchar (4) ,
	EMAIL varchar (50) ,
	CONSTRAINT HOCSINH_MAHS_PK PRIMARY KEY(MAHS),
	CONSTRAINT HOCSINH_LOP_MAHS_FK FOREIGN KEY(MALOP) REFERENCES LOP(MALOP) ON DELETE CASCADE
);


 INSERT INTO HOCSINH VALUES('A1_1','TRAN HOANG DUNG','NU',to_date('25/3/1988', 'dd/mm/yy'),'43/5/19','A1','LITI_2003@YAHOO.COM');
 INSERT INTO HOCSINH VALUES('A1_2','NGUYEN HOANG DUNG','NAM',to_date('5/8/1988', 'dd/mm/yy'),'49 HOANG DIEU','A1','NGUYENHOANG@YAHOO.COM');
 INSERT INTO HOCSINH VALUES('A1_3','TRAN THI DUNG','NU',to_date('3/7/1988', 'dd/mm/yy'),'43NGUYEN KIEM','A1','DUNGTRAN@YAHOO.COM');
 INSERT INTO HOCSINH VALUES('A1_4','TRAN THI THANH DUNG','NU',to_date('2/3/1988', 'dd/mm/yy'),'10 DINH BO LINH','A1','DOREMON@YAHOO.COM');
 INSERT INTO HOCSINH VALUES('A1_5','TRINH THI THANH THUY','NU',to_date('21/3/1988', 'dd/mm/yy'),'90 NGUYEN THI NHO','A1','THUY_COM@YAHOO.COM');
 INSERT INTO HOCSINH VALUES('A1_6','TRINH DANG DUNG','NAM',to_date('25/12/1988', 'dd/mm/yy'),'43/5/19','A1','MIMI@YAHOO.COM');
 INSERT INTO HOCSINH VALUES('A1_7','NGUYEN MINH KHA','NAM',to_date('10/3/1988', 'dd/mm/yy'),'11 AU CO','A1','NOBITA@YAHOO.COM');
 INSERT INTO HOCSINH VALUES('A1_8','NGUYEN VAN NAM','NAM',to_date('27/3/1988', 'dd/mm/yy'),'89 HOA HUNG','A1','NAM88@YAHOO.COM');
 INSERT INTO HOCSINH VALUES('A1_9','HOANG THI CHINH','NU',to_date('23/7/1988', 'dd/mm/yy'),'14/19 HUNG PHU','A1','LILI@YAHOO.COM');
 INSERT INTO HOCSINH VALUES('A1_10','LUU NGUYEN KY DO','NAM',to_date('1/12/1988', 'dd/mm/yy'),'45/19 LAC LONG QUAN','A1','DOKY@YAHOO.COM');
 INSERT INTO HOCSINH VALUES('A1_11','NGUYEN THI TUYET MAI','NU',to_date('3/12/1988', 'dd/mm/yy'),'19 HOANG DIEU','A1','TUYETMAI@YAHOO.COM');
 INSERT INTO HOCSINH VALUES('A1_12','TRAN CHINH NGHIA','NAM',to_date('11/11/1988', 'dd/mm/yy'),'251 AU CO','A1','NGHIA88@YAHOO.COM');
 INSERT INTO HOCSINH VALUES('A1_13','LE QUANG TRUNG','NAM',to_date('25/5/1988', 'dd/mm/yy'),'44 NAM KY KHOI NGHIA','A1','TRUNG_2003@YAHOO.COM');
 INSERT INTO HOCSINH VALUES('A1_14','PHAM THI HONG','NU',to_date('2/3/1988', 'dd/mm/yy'),'79 AU CO','A1','HONG_2003@YAHOO.COM');
 INSERT INTO HOCSINH VALUES('A1_15','HOANG ANH TUAN' ,'NAM',to_date('25/3/1988', 'dd/mm/yy'),'359 AU CO','A1','TUAN_COM@YAHOO.COM');
 INSERT INTO HOCSINH VALUES('A1_16','NGUYEN NHAT SINH','NAM',to_date('3/3/1988', 'dd/mm/yy'),'41 HOANG DIEU','A1','SINH_2003@YAHOO.COM');
 INSERT INTO HOCSINH VALUES('A1_17','MAI THI LUU','NU',to_date('25/3/1988', 'dd/mm/yy'),'33 CMT8','A1','LUUMAI@YAHOO.COM');
 INSERT INTO HOCSINH VALUES('A1_18','NGUYEN NAM CUONG','NAM',to_date('6/3/1988', 'dd/mm/yy'),'50 NGUYEN DUY','A1','NAMCUONG@YAHOO.COM');
 INSERT INTO HOCSINH VALUES('A1_19','TRAN NAM LUONG','NAM',to_date('8/12/1988', 'dd/mm/yy'),'62 NGO KY LAN','A1','NAMLUONG@YAHOO.COM');
 INSERT INTO HOCSINH VALUES('A1_20','TRAN NAM KHA','NAM',to_date('21/7/1988', 'dd/mm/yy'),'43/5 CMT8','A1','KHA@YAHOO.COM');
 INSERT INTO HOCSINH VALUES('A1_21','HO DINH HOANG','NAM',to_date('30/1/1988', 'dd/mm/yy'),'5/19 NGO QUYEN','A1','MON_2003@YAHOO.COM');
 INSERT INTO HOCSINH VALUES('A1_22','CHU AN','NU',to_date('2/2/1988', 'dd/mm/yy'),'32 NGO QUYEN','A1','CHU_AN@YAHOO.COM');
 INSERT INTO HOCSINH VALUES('A1_23','HUYNH NHAT TAN','NAM',to_date('30/4/1988', 'dd/mm/yy'),'7 LE LOI','A1','TAN_2003@YAHOO.COM');
 INSERT INTO HOCSINH VALUES('A1_24','NGUYEN MINH TRI','NAM',to_date('25/12/1988', 'dd/mm/yy'),'62 LE LOI','A1','TRI_2003@YAHOO.COM');
 INSERT INTO HOCSINH VALUES('A1_25','TRAN MINH TAM','NAM',to_date('7/3/1988', 'dd/mm/yy'),'81 CMT8','A1','TAMCO@YAHOO.COM');
 
 
 INSERT INTO HOCSINH VALUES('A2_1','BUI QUOC BAO','NAM',to_date('2/3/1988', 'dd/mm/yy'),'LE LOI','A2','BAO@YAHOO.COM');
 INSERT INTO HOCSINH VALUES('A2_2','BUI DANG DUNG','NAM',to_date('25/3/1988', 'dd/mm/yy'),'120CMT8','A2','DUNG@YAHOO.COM');
 INSERT INTO HOCSINH VALUES('A2_3','TRAN NAM PHUONG','NU',to_date('6/12/1988', 'dd/mm/yy'),'85 NGUYEN DUY KHIEM','A2','PHUONG@YAHOO.COM');
 INSERT INTO HOCSINH VALUES('A2_4','TRAN DANG','NAM',to_date('9/10/1988', 'dd/mm/yy'),'41 BA DINH','A2','DANG@YAHOO.COM');
 INSERT INTO HOCSINH VALUES('A2_5','LE HOAI NHO','NAM',to_date('25/5/1988', 'dd/mm/yy'),'601 BA DINH','A2','NHO@YAHOO.COM');
 INSERT INTO HOCSINH VALUES('A2_6','NGUYEN QUANG SANG','NAM',to_date('25/3/1988', 'dd/mm/yy'),'43/5/19','A2','SANG@YAHOO.COM');
 INSERT INTO HOCSINH VALUES('A2_7','PHAM NGUYEN ANH THU','NU',to_date('25/3/1988', 'dd/mm/yy'),'43/5/19','A2','ANHTHU@YAHOO.COM');
 INSERT INTO HOCSINH VALUES('A2_8','NGUYEN TRONG TRI','NAM',to_date('25/3/1988', 'dd/mm/yy'),'43/5/19','A2','TRONGTRI@YAHOO.COM');
 INSERT INTO HOCSINH VALUES('A2_9','HO QUOC BAO','NAM',to_date('25/3/1988', 'dd/mm/yy'),'43/5/19','A2','QUOCBAO@YAHOO.COM');
 INSERT INTO HOCSINH VALUES('A2_10','TRAN CHI BAO','NAM',to_date('25/3/1988', 'dd/mm/yy'),'43/5/19','A2','CHIBAO@YAHOO.COM');
 INSERT INTO HOCSINH VALUES('A2_11','TRAN GIA BAO','NAM',to_date('18/6/1988', 'dd/mm/yy'),'43/5/19','A2','GIABAO@YAHOO.COM');
 INSERT INTO HOCSINH VALUES('A2_12','NGUYEN ANH CHI','NU',to_date('22/2/1988', 'dd/mm/yy'),'43/5/19','A2','ANHCHI@YAHOO.COM');
 INSERT INTO HOCSINH VALUES('A2_13','TRINH KIM CHI','NU',to_date('12/12/1988', 'dd/mm/yy'),'43/5/19','A2','KIMCHI@YAHOO.COM');
 INSERT INTO HOCSINH VALUES('A2_14','NGUYEN THI BAO CHI','NU',to_date('17/1/1988', 'dd/mm/yy'),'43/5/19','A2','CHI@YAHOO.COM');
 INSERT INTO HOCSINH VALUES('A2_15','BUI QUOC AN','NAM',to_date('9/10/1988', 'dd/mm/yy'),'43/5/19','A2','AN@YAHOO.COM');
 INSERT INTO HOCSINH VALUES('A2_16','TRAN THI BAO CHINH','NU',to_date('5/3/1988', 'dd/mm/yy'),'43/5/19','A2','CHINH@YAHOO.COM');
 INSERT INTO HOCSINH VALUES('A2_17','LE THUY DUONG','NU',to_date('3/5/1988', 'dd/mm/yy'),'42 BA DINH','A2','DUONG@YAHOO.COM');
 INSERT INTO HOCSINH VALUES('A2_18','TRINH PHAT DAT','NAM',to_date('26/3/1988', 'dd/mm/yy'),'43/5 BA DINH','A2','PHATDAT@YAHOO.COM');
 INSERT INTO HOCSINH VALUES('A2_19','BUI QUOC DAT','NAM',to_date('6/3/1988', 'dd/mm/yy'),'45 BA DINH','A2','DAT@YAHOO.COM');
 INSERT INTO HOCSINH VALUES('A2_20','DAO KIM THU','NU',to_date('15/8/1988', 'dd/mm/yy'),'43 BA DINH','A2','THU@YAHOO.COM');
 INSERT INTO HOCSINH VALUES('A2_21','LA CHI AN','NAM',to_date('11/2/1988', 'dd/mm/yy'),'22 NGO QUYEN','A2','AN@YAHOO.COM');
 INSERT INTO HOCSINH VALUES('A2_22','TRAM THI BAO LINH','NU',to_date('27/3/1988', 'dd/mm/yy'),'123 NGO THOI NHIEM','A2','BAOLINH@YAHOO.COM');
 INSERT INTO HOCSINH VALUES('A2_23','LE THI KIM HOANG','NU',to_date('4/3/1988', 'dd/mm/yy'),'41 BA DINH','A2','HOANGKIM@YAHOO.COM');
 INSERT INTO HOCSINH VALUES('A2_24','TRAN MINH NHAT','NAM',to_date('15/3/1988', 'dd/mm/yy'),'43LE LAI','A2','NHAT@YAHOO.COM');
 INSERT INTO HOCSINH VALUES('A2_25','DINH BAO LAM','NU',to_date('2/3/1988', 'dd/mm/yy'),'LE LOI','A2','BAOLAM@YAHOO.COM');
 
 
 INSERT INTO HOCSINH VALUES('A3_1','DINH BAO LAM','NU',to_date('2/3/1988', 'dd/mm/yy'),'3 LE LOI','A3','BAOLAM@YAHOO.COM');
 INSERT INTO HOCSINH VALUES('A3_2','DINH BAO LINH','NU',to_date('2/3/1988', 'dd/mm/yy'),'210 LE LOI','A3','BAOLINH@YAHOO.COM');
 INSERT INTO HOCSINH VALUES('A3_3','TRAN BAO LE','NU',to_date('15/5/1988', 'dd/mm/yy'),'46 LE LOI','A3','BAOLE@YAHOO.COM');
 INSERT INTO HOCSINH VALUES('A3_4','DINH THI YEN OANH','NU',to_date('8/3/1988', 'dd/mm/yy'),'90 LE LOI','A3','OANH@YAHOO.COM');
 INSERT INTO HOCSINH VALUES('A3_5','DINH THI YEN PHUONG','NU',to_date('9/1/1988', 'dd/mm/yy'),'88 LE LOI','A3','PHUONG@YAHOO.COM');
 INSERT INTO HOCSINH VALUES('A3_6','NGUYEN KIM OANH','NU',to_date('7/11/1988', 'dd/mm/yy'),'80 BA DINH','A3','KIMOANH@YAHOO.COM');
 INSERT INTO HOCSINH VALUES('A3_7','TRAN DUY LY','NAM',to_date('9/6/1988', 'dd/mm/yy'),'120 BA DINH','A3','LY@YAHOO.COM');
 INSERT INTO HOCSINH VALUES('A3_8','NGUYEN THI HONG HOA','NU',to_date('8/12/1988', 'dd/mm/yy'),'460 BA DINH','A3','HONGHOA@YAHOO.COM');
 INSERT INTO HOCSINH VALUES('A3_9','TRAN KIM HOA','NU',to_date('8/6/1988', 'dd/mm/yy'),'70 BA DINH','A3','KIMHOA@YAHOO.COM');
 INSERT INTO HOCSINH VALUES('A3_10','DINH BAO HOA','NU',to_date('9/3/1988', 'dd/mm/yy'),'124 NGUYEN THI NHO','A3','BAOHOA@YAHOO.COM');
 INSERT INTO HOCSINH VALUES('A3_11','NGUYEN THI HAI TRIEU','NU',to_date('22/12/1988', 'dd/mm/yy'),'90 NGUYEN THI NHO','A3','TRIEU@YAHOO.COM');
 INSERT INTO HOCSINH VALUES('A3_12','HO NGOC LINH ','NAM',to_date('26/3/1988', 'dd/mm/yy'),'30 NGUYEN THI NHO','A3','LINH@YAHOO.COM');
 INSERT INTO HOCSINH VALUES('A3_13','LE THANH CONG','NAM',to_date('23/6/1988', 'dd/mm/yy'),'96 NGUYEN THI NHO','A3','CONG@YAHOO.COM');
 INSERT INTO HOCSINH VALUES('A3_14','NGUYEN VIET NAM','NAM',to_date('12/12/1988', 'dd/mm/yy'),'540 NGUYEN THI NHO','A3','NAM@YAHOO.COM');
 INSERT INTO HOCSINH VALUES('A3_15','HO BAO LAN','NU',to_date('15/10/1988', 'dd/mm/yy'),'88NGUYEN THI NHO','A3','LAN@YAHOO.COM');
 INSERT INTO HOCSINH VALUES('A3_16','NGUYEN THI NGOC LAN','NU',to_date('12/3/1988', 'dd/mm/yy'),'13 DINH BO LINH','A3','NGOCLAN@YAHOO.COM');
 INSERT INTO HOCSINH VALUES('A3_17','TRAN HONG MINH','NAM',to_date('2/9/1988', 'dd/mm/yy'),'450 DINH BO LINH','A3','MINH@YAHOO.COM');
 INSERT INTO HOCSINH VALUES('A3_18','TRAN MINH KHA','NAM',to_date('21/3/1988', 'dd/mm/yy'),'65 DINH BO LINH','A3','KHA@YAHOO.COM');
 INSERT INTO HOCSINH VALUES('A3_19','NGUYEN MINH KHOA','NAM',to_date('12/3/1988', 'dd/mm/yy'),'61 DINH BO LINH','A3','KHOA@YAHOO.COM');
 INSERT INTO HOCSINH VALUES('A3_20','NGUYEN BAO KHOA','NAM',to_date('23/3/1988', 'dd/mm/yy'),'73 DINH BO LINH','A3','BAOKHOA@YAHOO.COM');
 INSERT INTO HOCSINH VALUES('A3_21','TRAN MINH VY','NU',to_date('5/3/1988', 'dd/mm/yy'),'61 DINH BO LINH','A3','MINHVY@YAHOO.COM');
 INSERT INTO HOCSINH VALUES('A3_22','DANG THANH VY','NU',to_date('12/5/3/1988', 'dd/mm/yy'),'151 NGO QUYEN','A3','THANHVY@YAHOO.COM');
 INSERT INTO HOCSINH VALUES('A3_23','TRAN THI ANH TUYET','NU',to_date('12/8/1988', 'dd/mm/yy'),'301NGO QUYEN','A3','TUYET@YAHOO.COM');
 INSERT INTO HOCSINH VALUES('A3_24','TRAN THI HANG NGA','NU',to_date('2/3/1988', 'dd/mm/yy'),'108 NGO QUYEN','A3','NGA@YAHOO.COM');
 INSERT INTO HOCSINH VALUES('A3_25','NGUYEN THI NGOC NGA','NU',to_date('25/3/1988', 'dd/mm/yy'),'72 NGO QUYEN','A3','NGOCNGA@YAHOO.COM');
 
 
 
 
 
 
 INSERT INTO HOCSINH VALUES('B1_1','TRAN HOANG DUNG','NU',to_date('25/3/1989', 'dd/mm/yy'),'43/5/19','B1','LITI_2003@YAHOO.COM');
 INSERT INTO HOCSINH VALUES('B1_2','NGUYEN HOANG DUNG','NAM',to_date('5/8/1989', 'dd/mm/yy'),'49 HOANG DIEU','B1','NGUYENHOANG@YAHOO.COM');
 INSERT INTO HOCSINH VALUES('B1_3','TRAN THI DUNG','NU',to_date('3/7/1989', 'dd/mm/yy'),'43NGUYEN KIEM','B1','DUNGTRAN@YAHOO.COM');
 INSERT INTO HOCSINH VALUES('B1_4','TRAN THI THANH DUNG','NU',to_date('2/3/1989', 'dd/mm/yy'),'10 DINH BO LINH','B1','DOREMON@YAHOO.COM');
 INSERT INTO HOCSINH VALUES('B1_5','TRINH THI THANH THUY','NU',to_date('21/3/1989', 'dd/mm/yy'),'90 NGUYEN THI NHO','B1','THUY_COM@YAHOO.COM');
 INSERT INTO HOCSINH VALUES('B1_6','TRINH DANG DUNG','NAM',to_date('25/12/1989', 'dd/mm/yy'),'43/5/19','B1','MIMI@YAHOO.COM');
 INSERT INTO HOCSINH VALUES('B1_7','NGUYEN MINH KHA','NAM',to_date('10/3/1989', 'dd/mm/yy'),'11 AU CO','B1','NOBITA@YAHOO.COM');
 INSERT INTO HOCSINH VALUES('B1_8','NGUYEN VAN NAM','NAM',to_date('27/3/1989', 'dd/mm/yy'),'89 HOA HUNG','B1','NAM88@YAHOO.COM');
 INSERT INTO HOCSINH VALUES('B1_9','HOANG THI CHINH','NU',to_date('23/7/1989', 'dd/mm/yy'),'14/19 HUNG PHU','B1','LILI@YAHOO.COM');
 INSERT INTO HOCSINH VALUES('B1_10','LUU NGUYEN KY DO','NAM',to_date('1/12/1989', 'dd/mm/yy'),'45/19 LAC LONG QUAN','B1','DOKY@YAHOO.COM');
 INSERT INTO HOCSINH VALUES('B1_11','NGUYEN THI TUYET MAI','NU',to_date('3/12/1989', 'dd/mm/yy'),'19 HOANG DIEU','B1','TUYETMAI@YAHOO.COM');
 INSERT INTO HOCSINH VALUES('B1_12','TRAN CHINH NGHIA','NAM',to_date('11/11/1989', 'dd/mm/yy'),'251 AU CO','B1','NGHIA88@YAHOO.COM');
 INSERT INTO HOCSINH VALUES('B1_13','LE QUANG TRUNG','NAM',to_date('25/5/1989', 'dd/mm/yy'),'44 NAM KY KHOI NGHIA','B1','TRUNG_2003@YAHOO.COM');
 INSERT INTO HOCSINH VALUES('B1_14','PHAM THI HONG','NU',to_date('2/3/1989', 'dd/mm/yy'),'79 AU CO','B1','HONG_2003@YAHOO.COM');
 INSERT INTO HOCSINH VALUES('B1_15','HOANG ANH TUAN' ,'NAM',to_date('25/3/1989', 'dd/mm/yy'),'359 AU CO','B1','TUAN_COM@YAHOO.COM');
 INSERT INTO HOCSINH VALUES('B1_16','NGUYEN NHAT SINH','NAM',to_date('3/3/1989', 'dd/mm/yy'),'41 HOANG DIEU','B1','SINH_2003@YAHOO.COM');
 INSERT INTO HOCSINH VALUES('B1_17','MAI THI LUU','NU',to_date('25/3/1989', 'dd/mm/yy'),'33 CMT8','B1','LUUMAI@YAHOO.COM');
 INSERT INTO HOCSINH VALUES('B1_18','NGUYEN NAM CUONG','NAM',to_date('6/3/1989', 'dd/mm/yy'),'50 NGUYEN DUY','B1','NAMCUONG@YAHOO.COM');
 INSERT INTO HOCSINH VALUES('B1_19','TRAN NAM LUONG','NAM',to_date('8/12/1989', 'dd/mm/yy'),'62 NGO KY LAN','B1','NAMLUONG@YAHOO.COM');
 INSERT INTO HOCSINH VALUES('B1_20','TRAN NAM KHA','NAM',to_date('21/7/1989', 'dd/mm/yy'),'43/5 CMT8','B1','KHA@YAHOO.COM');
 INSERT INTO HOCSINH VALUES('B1_21','HO DINH HOANG','NAM',to_date('30/1/1989', 'dd/mm/yy'),'5/19 NGO QUYEN','B1','MON_2003@YAHOO.COM');
 INSERT INTO HOCSINH VALUES('B1_22','CHU AN','NU',to_date('2/2/1989', 'dd/mm/yy'),'32 NGO QUYEN','B1','CHU_AN@YAHOO.COM');
 INSERT INTO HOCSINH VALUES('B1_23','HUYNH NHAT TAN','NAM',to_date('30/4/1989', 'dd/mm/yy'),'7 LE LOI','B1','TAN_2003@YAHOO.COM');
 INSERT INTO HOCSINH VALUES('B1_24','NGUYEN MINH TRI','NAM',to_date('25/12/1989', 'dd/mm/yy'),'62 LE LOI','B1','TRI_2003@YAHOO.COM');
 INSERT INTO HOCSINH VALUES('B1_25','BUI THI KIM THANH','NU',to_date('9/7/1989', 'dd/mm/yy'),'621','B1','BUITHANH1981@YAHOO.COM'); 
 
 
 
  
 
 INSERT INTO HOCSINH VALUES('B2_1','DINH BAO LAM','NU',to_date('2/3/1989', 'dd/mm/yy'),'3 LE LOI','B2','BAOLAM@YAHOO.COM');
 INSERT INTO HOCSINH VALUES('B2_2','DINH BAO LINH','NU',to_date('2/3/1989', 'dd/mm/yy'),'210 LE LOI','B2','BAOLINH@YAHOO.COM');
 INSERT INTO HOCSINH VALUES('B2_3','TRAN BAO LE','NU',to_date('15/5/1989', 'dd/mm/yy'),'46 LE LOI','B2','BAOLE@YAHOO.COM');
 INSERT INTO HOCSINH VALUES('B2_4','DINH THI YEN OANH','NU',to_date('8/3/1989', 'dd/mm/yy'),'90 LE LOI','B2','OANH@YAHOO.COM');
 INSERT INTO HOCSINH VALUES('B2_5','DINH THI YEN PHUONG','NU',to_date('9/1/1989', 'dd/mm/yy'),'88 LE LOI','B2','PHUONG@YAHOO.COM');
 INSERT INTO HOCSINH VALUES('B2_6','NGUYEN KIM OANH','NU',to_date('7/11/1989', 'dd/mm/yy'),'80 BA DINH','B2','KIMOANH@YAHOO.COM');
 INSERT INTO HOCSINH VALUES('B2_7','TRAN DUY LY','NAM',to_date('9/6/1989', 'dd/mm/yy'),'120 BA DINH','B2','LY@YAHOO.COM');
 INSERT INTO HOCSINH VALUES('B2_8','NGUYEN THI HONG HOA','NU',to_date('8/12/1989', 'dd/mm/yy'),'460 BA DINH','B2','HONGHOA@YAHOO.COM');
 INSERT INTO HOCSINH VALUES('B2_9','TRAN KIM HOA','NU',to_date('8/6/1989', 'dd/mm/yy'),'70 BA DINH','B2','KIMHOA@YAHOO.COM');
 INSERT INTO HOCSINH VALUES('B2_10','DINH BAO HOA','NU',to_date('9/3/1989', 'dd/mm/yy'),'124 NGUYEN THI NHO','B2','BAOHOA@YAHOO.COM');
 INSERT INTO HOCSINH VALUES('B2_11','NGUYEN THI HAI TRIEU','NU',to_date('22/12/1989', 'dd/mm/yy'),'90 NGUYEN THI NHO','B2','TRIEU@YAHOO.COM');
 INSERT INTO HOCSINH VALUES('B2_12','HO NGOC LINH ','NAM',to_date('26/3/1989', 'dd/mm/yy'),'30 NGUYEN THI NHO','B2','LINH@YAHOO.COM');
 INSERT INTO HOCSINH VALUES('B2_13','LE THANH CONG','NAM',to_date('23/6/1989', 'dd/mm/yy'),'96 NGUYEN THI NHO','B2','CONG@YAHOO.COM');
 INSERT INTO HOCSINH VALUES('B2_14','NGUYEN VIET NAM','NAM',to_date('12/12/1989', 'dd/mm/yy'),'540 NGUYEN THI NHO','B2','NAM@YAHOO.COM');
 INSERT INTO HOCSINH VALUES('B2_15','HO BAO LAN','NU',to_date('15/10/1989', 'dd/mm/yy'),'88NGUYEN THI NHO','B2','LAN@YAHOO.COM');
 INSERT INTO HOCSINH VALUES('B2_16','NGUYEN THI NGOC LAN','NU',to_date('12/3/1989', 'dd/mm/yy'),'13 DINH BO LINH','B2','NGOCLAN@YAHOO.COM');
 INSERT INTO HOCSINH VALUES('B2_17','TRAN HONG MINH','NAM',to_date('2/9/1989', 'dd/mm/yy'),'450 DINH BO LINH','B2','MINH@YAHOO.COM');
 INSERT INTO HOCSINH VALUES('B2_18','TRAN MINH KHA','NAM',to_date('21/3/1989', 'dd/mm/yy'),'65 DINH BO LINH','B2','KHA@YAHOO.COM');
 INSERT INTO HOCSINH VALUES('B2_19','NGUYEN MINH KHOA','NAM',to_date('12/3/1989', 'dd/mm/yy'),'61 DINH BO LINH','B2','KHOA@YAHOO.COM');
 INSERT INTO HOCSINH VALUES('B2_20','NGUYEN BAO KHOA','NAM',to_date('23/3/1989', 'dd/mm/yy'),'73 DINH BO LINH','B2','BAOKHOA@YAHOO.COM');
 INSERT INTO HOCSINH VALUES('B2_21','TRAN MINH VY','NU',to_date('5/3/1989', 'dd/mm/yy'),'61 DINH BO LINH','B2','MINHVY@YAHOO.COM');
 INSERT INTO HOCSINH VALUES('B2_22','DANG THANH VY','NU',to_date('12/5/3/1989', 'dd/mm/yy'),'151 NGO QUYEN','B2','THANHVY@YAHOO.COM');
 INSERT INTO HOCSINH VALUES('B2_23','TRAN THI ANH TUYET','NU',to_date('12/8/1989', 'dd/mm/yy'),'301NGO QUYEN','B2','TUYET@YAHOO.COM');
 INSERT INTO HOCSINH VALUES('B2_24','TRAN THI HANG NGA','NU',to_date('2/3/1989', 'dd/mm/yy'),'108 NGO QUYEN','B2','NGA@YAHOO.COM');
 INSERT INTO HOCSINH VALUES('B2_25','DINH TRUONGGIANG','NAM',to_date('25/11/1989', 'dd/mm/yy'),'1254','B2','RIVER_VINACOOL@YAHOO.COM');
 
 INSERT INTO HOCSINH VALUES('B3_1','BUI QUOC BAO','NAM',to_date('2/3/1989', 'dd/mm/yy'),'LE LOI','B3','BAO@YAHOO.COM');
 INSERT INTO HOCSINH VALUES('B3_2','BUI DANG DUNG','NAM',to_date('25/3/1989', 'dd/mm/yy'),'120CMT8','B3','DUNG@YAHOO.COM');
 INSERT INTO HOCSINH VALUES('B3_3','TRAN NAM PHUONG','NU',to_date('6/12/1989', 'dd/mm/yy'),'85 NGUYEN DUY KHIEM','B3','PHUONG@YAHOO.COM');
 INSERT INTO HOCSINH VALUES('B3_4','TRAN DANG','NAM',to_date('9/10/1989', 'dd/mm/yy'),'41 BA DINH','B3','DANG@YAHOO.COM');
 INSERT INTO HOCSINH VALUES('B3_5','LE HOAI NHO','NAM',to_date('25/5/1989', 'dd/mm/yy'),'601 BA DINH','B3','NHO@YAHOO.COM');
 INSERT INTO HOCSINH VALUES('B3_6','NGUYEN QUANG SANG','NAM',to_date('25/3/1989', 'dd/mm/yy'),'43/5/19','B3','SANG@YAHOO.COM');
 INSERT INTO HOCSINH VALUES('B3_7','PHAM NGUYEN ANH THU','NU',to_date('25/3/1989', 'dd/mm/yy'),'43/5/19','B3','ANHTHU@YAHOO.COM');
 INSERT INTO HOCSINH VALUES('B3_8','NGUYEN TRONG TRI','NAM',to_date('25/3/1989', 'dd/mm/yy'),'43/5/19','B3','TRONGTRI@YAHOO.COM');
 INSERT INTO HOCSINH VALUES('B3_9','HO QUOC BAO','NAM',to_date('25/3/1989', 'dd/mm/yy'),'43/5/19','B3','QUOCBAO@YAHOO.COM');
 INSERT INTO HOCSINH VALUES('B3_10','TRAN CHI BAO','NAM',to_date('25/3/1989', 'dd/mm/yy'),'43/5/19','B3','CHIBAO@YAHOO.COM');
 INSERT INTO HOCSINH VALUES('B3_11','TRAN GIA BAO','NAM',to_date('18/6/1989', 'dd/mm/yy'),'43/5/19','B3','GIABAO@YAHOO.COM');
 INSERT INTO HOCSINH VALUES('B3_12','NGUYEN ANH CHI','NU',to_date('22/2/1989', 'dd/mm/yy'),'43/5/19','B3','ANHCHI@YAHOO.COM');
 INSERT INTO HOCSINH VALUES('B3_13','TRINH KIM CHI','NU',to_date('12/12/1989', 'dd/mm/yy'),'43/5/19','B3','KIMCHI@YAHOO.COM');
 INSERT INTO HOCSINH VALUES('B3_14','NGUYEN THI BAO CHI','NU',to_date('17/1/1989', 'dd/mm/yy'),'43/5/19','B3','CHI@YAHOO.COM');
 INSERT INTO HOCSINH VALUES('B3_15','BUI QUOC AN','NAM',to_date('9/10/1989', 'dd/mm/yy'),'43/5/19','B3','AN@YAHOO.COM');
 INSERT INTO HOCSINH VALUES('B3_16','TRAN THI BAO CHINH','NU',to_date('5/3/1989', 'dd/mm/yy'),'43/5/19','B3','CHINH@YAHOO.COM');
 INSERT INTO HOCSINH VALUES('B3_17','LE THUY DUONG','NU',to_date('3/5/1989', 'dd/mm/yy'),'42 BA DINH','B3','DUONG@YAHOO.COM');
 INSERT INTO HOCSINH VALUES('B3_18','TRINH PHAT DAT','NAM',to_date('26/3/1989', 'dd/mm/yy'),'43/5 BA DINH','B3','PHATDAT@YAHOO.COM');
 INSERT INTO HOCSINH VALUES('B3_19','BUI QUOC DAT','NAM',to_date('6/3/1989', 'dd/mm/yy'),'45 BA DINH','B3','DAT@YAHOO.COM');
 INSERT INTO HOCSINH VALUES('B3_20','DAO KIM THU','NU',to_date('15/8/1989', 'dd/mm/yy'),'43 BA DINH','B3','THU@YAHOO.COM');
 INSERT INTO HOCSINH VALUES('B3_21','LA CHI AN','NAM',to_date('11/2/1989', 'dd/mm/yy'),'22 NGO QUYEN','B3','AN@YAHOO.COM');
 INSERT INTO HOCSINH VALUES('B3_22','TRAM THI BAO LINH','NU',to_date('27/3/1989', 'dd/mm/yy'),'123 NGO THOI NHIEM','B3','BAOLINH@YAHOO.COM');
 INSERT INTO HOCSINH VALUES('B3_23','LE THI KIM HOANG','NU',to_date('4/3/1989', 'dd/mm/yy'),'41 BA DINH','B3','HOANGKIM@YAHOO.COM');
 INSERT INTO HOCSINH VALUES('B3_24','TRAN MINH NHAT','NAM',to_date('15/3/1989', 'dd/mm/yy'),'43LE LAI','B3','NHAT@YAHOO.COM');
 INSERT INTO HOCSINH VALUES('B3_25','DINH BAO LAM','NU',to_date('2/3/1989', 'dd/mm/yy'),'LE LOI','B3','BAOLAM@YAHOO.COM');
 
 
 
 INSERT INTO HOCSINH VALUES('C1_1','BUI QUOC BAO','NAM',to_date('2/3/1990', 'dd/mm/yy'),'LE LOI','C1','BAO@YAHOO.COM');
 INSERT INTO HOCSINH VALUES('C1_2','BUI DANG DUNG','NAM',to_date('25/3/1990', 'dd/mm/yy'),'120CMT8','C1','DUNG@YAHOO.COM');
 INSERT INTO HOCSINH VALUES('C1_3','TRAN NAM PHUONG','NU',to_date('6/12/1990', 'dd/mm/yy'),'85 NGUYEN DUY KHIEM','C1','PHUONG@YAHOO.COM');
 INSERT INTO HOCSINH VALUES('C1_4','TRAN DANG','NAM',to_date('9/10/1990', 'dd/mm/yy'),'41 BA DINH','C1','DANG@YAHOO.COM');
 INSERT INTO HOCSINH VALUES('C1_5','LE HOAI NHO','NAM',to_date('25/5/1990', 'dd/mm/yy'),'601 BA DINH','C1','NHO@YAHOO.COM');
 INSERT INTO HOCSINH VALUES('C1_6','NGUYEN QUANG SANG','NAM',to_date('25/3/1990', 'dd/mm/yy'),'43/5/19','C1','SANG@YAHOO.COM');
 INSERT INTO HOCSINH VALUES('C1_7','PHAM NGUYEN ANH THU','NU',to_date('25/3/1990', 'dd/mm/yy'),'43/5/19','C1','ANHTHU@YAHOO.COM');
 INSERT INTO HOCSINH VALUES('C1_8','NGUYEN TRONG TRI','NAM',to_date('25/3/1990', 'dd/mm/yy'),'43/5/19','C1','TRONGTRI@YAHOO.COM');
 INSERT INTO HOCSINH VALUES('C1_9','HO QUOC BAO','NAM',to_date('25/3/1990', 'dd/mm/yy'),'43/5/19','C1','QUOCBAO@YAHOO.COM');
 INSERT INTO HOCSINH VALUES('C1_10','TRAN CHI BAO','NAM',to_date('25/3/1990', 'dd/mm/yy'),'43/5/19','C1','CHIBAO@YAHOO.COM');
 INSERT INTO HOCSINH VALUES('C1_11','TRAN GIA BAO','NAM',to_date('18/6/1990', 'dd/mm/yy'),'43/5/19','C1','GIABAO@YAHOO.COM');
 INSERT INTO HOCSINH VALUES('C1_12','NGUYEN ANH CHI','NU',to_date('22/2/1990', 'dd/mm/yy'),'43/5/19','C1','ANHCHI@YAHOO.COM');
 INSERT INTO HOCSINH VALUES('C1_13','TRINH KIM CHI','NU',to_date('12/12/1990', 'dd/mm/yy'),'43/5/19','C1','KIMCHI@YAHOO.COM');
 INSERT INTO HOCSINH VALUES('C1_14','NGUYEN THI BAO CHI','NU',to_date('17/1/1990', 'dd/mm/yy'),'43/5/19','C1','CHI@YAHOO.COM');
 INSERT INTO HOCSINH VALUES('C1_15','BUI QUOC AN','NAM',to_date('9/10/1990', 'dd/mm/yy'),'43/5/19','C1','AN@YAHOO.COM');
 INSERT INTO HOCSINH VALUES('C1_16','TRAN THI BAO CHINH','NU',to_date('5/3/1990', 'dd/mm/yy'),'43/5/19','C1','CHINH@YAHOO.COM');
 INSERT INTO HOCSINH VALUES('C1_17','LE THUY DUONG','NU',to_date('3/5/1990', 'dd/mm/yy'),'42 BA DINH','C1','DUONG@YAHOO.COM');
 INSERT INTO HOCSINH VALUES('C1_18','TRINH PHAT DAT','NAM',to_date('26/3/1990', 'dd/mm/yy'),'43/5 BA DINH','C1','PHATDAT@YAHOO.COM');
 INSERT INTO HOCSINH VALUES('C1_19','BUI QUOC DAT','NAM',to_date('6/3/1990', 'dd/mm/yy'),'45 BA DINH','C1','DAT@YAHOO.COM');
 INSERT INTO HOCSINH VALUES('C1_20','DAO KIM THU','NU',to_date('15/8/1990', 'dd/mm/yy'),'43 BA DINH','C1','THU@YAHOO.COM');
 INSERT INTO HOCSINH VALUES('C1_21','LA CHI AN','NAM',to_date('11/2/1990', 'dd/mm/yy'),'22 NGO QUYEN','C1','AN@YAHOO.COM');
 INSERT INTO HOCSINH VALUES('C1_22','TRAM THI BAO LINH','NU',to_date('27/3/1990', 'dd/mm/yy'),'123 NGO THOI NHIEM','C1','BAOLINH@YAHOO.COM');
 INSERT INTO HOCSINH VALUES('C1_23','LE THI KIM HOANG','NU',to_date('4/3/1990', 'dd/mm/yy'),'41 BA DINH','C1','HOANGKIM@YAHOO.COM');
 INSERT INTO HOCSINH VALUES('C1_24','TRAN MINH NHAT','NAM',to_date('15/3/1990', 'dd/mm/yy'),'43LE LAI','C1','NHAT@YAHOO.COM');
 INSERT INTO HOCSINH VALUES('C1_25','PHAM VAN MAN','NAM',to_date('25/3/1990', 'dd/mm/yy'),'43/5/19','C1','PHUONGNAM@YAHOO.COM');
 
 
 
 INSERT INTO HOCSINH VALUES('C2_1','PHAM DUC HUY','NAM',to_date('22/11/1990', 'dd/mm/yy'),'43/5/19','C2','HUY_PORTO@YAHOO.COM');
 INSERT INTO HOCSINH VALUES('C2_2','NGUYEN HOANG DUNG','NAM',to_date('5/8/1990', 'dd/mm/yy'),'49 HOANG DIEU','C2','NGUYENHOANG@YAHOO.COM');
 INSERT INTO HOCSINH VALUES('C2_3','TRAN THI DUNG','NU',to_date('3/7/1990', 'dd/mm/yy'),'43NGUYEN KIEM','C2','DUNGTRAN@YAHOO.COM');
 INSERT INTO HOCSINH VALUES('C2_4','TRAN THI THANH DUNG','NU',to_date('2/3/1990', 'dd/mm/yy'),'10 DINH BO LINH','C2','DOREMON@YAHOO.COM');
 INSERT INTO HOCSINH VALUES('C2_5','TRINH THI THANH THUY','NU',to_date('21/3/1990', 'dd/mm/yy'),'90 NGUYEN THI NHO','C2','THUY_COM@YAHOO.COM');
 INSERT INTO HOCSINH VALUES('C2_6','TRINH DANG DUNG','NAM',to_date('25/12/1990', 'dd/mm/yy'),'43/5/19','C2','MIMI@YAHOO.COM');
 INSERT INTO HOCSINH VALUES('C2_7','NGUYEN MINH KHA','NAM',to_date('10/3/1990', 'dd/mm/yy'),'11 AU CO','C2','NOBITA@YAHOO.COM');
 INSERT INTO HOCSINH VALUES('C2_8','NGUYEN VAN NAM','NAM',to_date('27/3/1990', 'dd/mm/yy'),'89 HOA HUNG','C2','NAM88@YAHOO.COM');
 INSERT INTO HOCSINH VALUES('C2_9','HOANG THI CHINH','NU',to_date('23/7/1990', 'dd/mm/yy'),'14/19 HUNG PHU','C2','LILI@YAHOO.COM');
 INSERT INTO HOCSINH VALUES('C2_10','LUU NGUYEN KY DO','NAM',to_date('1/12/1990', 'dd/mm/yy'),'45/19 LAC LONG QUAN','C2','DOKY@YAHOO.COM');
 INSERT INTO HOCSINH VALUES('C2_11','NGUYEN THI TUYET MAI','NU',to_date('3/12/1990', 'dd/mm/yy'),'19 HOANG DIEU','C2','TUYETMAI@YAHOO.COM');
 INSERT INTO HOCSINH VALUES('C2_12','TRAN CHINH NGHIA','NAM',to_date('11/11/1990', 'dd/mm/yy'),'251 AU CO','C2','NGHIA88@YAHOO.COM');
 INSERT INTO HOCSINH VALUES('C2_13','LE QUANG TRUNG','NAM',to_date('25/5/1990', 'dd/mm/yy'),'44 NAM KY KHOI NGHIA','C2','TRUNG_2003@YAHOO.COM');
 INSERT INTO HOCSINH VALUES('C2_14','PHAM THI HONG','NU',to_date('2/3/1990', 'dd/mm/yy'),'79 AU CO','C2','HONG_2003@YAHOO.COM');
 INSERT INTO HOCSINH VALUES('C2_15','HOANG ANH TUAN' ,'NAM',to_date('25/3/1990', 'dd/mm/yy'),'359 AU CO','C2','TUAN_COM@YAHOO.COM');
 INSERT INTO HOCSINH VALUES('C2_16','NGUYEN NHAT SINH','NAM',to_date('3/3/1990', 'dd/mm/yy'),'41 HOANG DIEU','C2','SINH_2003@YAHOO.COM');
 INSERT INTO HOCSINH VALUES('C2_17','MAI THI LUU','NU',to_date('25/3/1990', 'dd/mm/yy'),'33 CMT8','C2','LUUMAI@YAHOO.COM');
 INSERT INTO HOCSINH VALUES('C2_18','NGUYEN NAM CUONG','NAM',to_date('6/3/1990', 'dd/mm/yy'),'50 NGUYEN DUY','C2','NAMCUONG@YAHOO.COM');
 INSERT INTO HOCSINH VALUES('C2_19','TRAN NAM LUONG','NAM',to_date('8/12/1990', 'dd/mm/yy'),'62 NGO KY LAN','C2','NAMLUONG@YAHOO.COM');
 INSERT INTO HOCSINH VALUES('C2_20','TRAN NAM KHA','NAM',to_date('21/7/1990', 'dd/mm/yy'),'43/5 CMT8','C2','KHA@YAHOO.COM');
 INSERT INTO HOCSINH VALUES('C2_21','HO DINH HOANG','NAM',to_date('30/1/1990', 'dd/mm/yy'),'5/19 NGO QUYEN','C2','MON_2003@YAHOO.COM');
 INSERT INTO HOCSINH VALUES('C2_22','CHU AN','NU',to_date('2/2/1990', 'dd/mm/yy'),'32 NGO QUYEN','C2','CHU_AN@YAHOO.COM');
 INSERT INTO HOCSINH VALUES('C2_23','HUYNH NHAT TAN','NAM',to_date('30/4/1990', 'dd/mm/yy'),'7 LE LOI','C2','TAN_2003@YAHOO.COM');
 INSERT INTO HOCSINH VALUES('C2_24','NGUYEN MINH TRI','NAM',to_date('25/12/1990', 'dd/mm/yy'),'62 LE LOI','C2','TRI_2003@YAHOO.COM');
 INSERT INTO HOCSINH VALUES('C2_25','TRAN MINH TAM','NAM',to_date('7/3/1990', 'dd/mm/yy'),'81 CMT8','C2','TAMCO@YAHOO.COM');
 
 INSERT INTO HOCSINH VALUES('C3_1','DINH BAO LAM','NU',to_date('2/3/1990', 'dd/mm/yy'),'3 LE LOI','C3','BAOLAM@YAHOO.COM');
 INSERT INTO HOCSINH VALUES('C3_2','DINH BAO LINH','NU',to_date('2/3/1990', 'dd/mm/yy'),'210 LE LOI','C3','BAOLINH@YAHOO.COM');
 INSERT INTO HOCSINH VALUES('C3_3','TRAN BAO LE','NU',to_date('15/5/1990', 'dd/mm/yy'),'46 LE LOI','C3','BAOLE@YAHOO.COM');
 INSERT INTO HOCSINH VALUES('C3_4','DINH THI YEN OANH','NU',to_date('8/3/1990', 'dd/mm/yy'),'90 LE LOI','C3','OANH@YAHOO.COM');
 INSERT INTO HOCSINH VALUES('C3_5','DINH THI YEN PHUONG','NU',to_date('9/1/1990', 'dd/mm/yy'),'88 LE LOI','C3','PHUONG@YAHOO.COM');
 INSERT INTO HOCSINH VALUES('C3_6','NGUYEN KIM OANH','NU',to_date('7/11/1990', 'dd/mm/yy'),'80 BA DINH','C3','KIMOANH@YAHOO.COM');
 INSERT INTO HOCSINH VALUES('C3_7','TRAN DUY LY','NAM',to_date('9/6/1990', 'dd/mm/yy'),'120 BA DINH','C3','LY@YAHOO.COM');
 INSERT INTO HOCSINH VALUES('C3_8','NGUYEN THI HONG HOA','NU',to_date('8/12/1990', 'dd/mm/yy'),'460 BA DINH','C3','HONGHOA@YAHOO.COM');
 INSERT INTO HOCSINH VALUES('C3_9','TRAN KIM HOA','NU',to_date('8/6/1990', 'dd/mm/yy'),'70 BA DINH','C3','KIMHOA@YAHOO.COM');
 INSERT INTO HOCSINH VALUES('C3_10','DINH BAO HOA','NU',to_date('9/3/1990', 'dd/mm/yy'),'124 NGUYEN THI NHO','C3','BAOHOA@YAHOO.COM');
 INSERT INTO HOCSINH VALUES('C3_11','NGUYEN THI HAI TRIEU','NU',to_date('22/12/1990', 'dd/mm/yy'),'90 NGUYEN THI NHO','C3','TRIEU@YAHOO.COM');
 INSERT INTO HOCSINH VALUES('C3_12','HO NGOC LINH ','NAM',to_date('26/3/1990', 'dd/mm/yy'),'30 NGUYEN THI NHO','C3','LINH@YAHOO.COM');
 INSERT INTO HOCSINH VALUES('C3_13','LE THANH CONG','NAM',to_date('23/6/1990', 'dd/mm/yy'),'96 NGUYEN THI NHO','C3','CONG@YAHOO.COM');
 INSERT INTO HOCSINH VALUES('C3_14','NGUYEN VIET NAM','NAM',to_date('12/12/1990', 'dd/mm/yy'),'540 NGUYEN THI NHO','C3','NAM@YAHOO.COM');
 INSERT INTO HOCSINH VALUES('C3_15','HO BAO LAN','NU',to_date('15/10/1990', 'dd/mm/yy'),'88NGUYEN THI NHO','C3','LAN@YAHOO.COM');
 INSERT INTO HOCSINH VALUES('C3_16','NGUYEN THI NGOC LAN','NU',to_date('12/3/1990', 'dd/mm/yy'),'13 DINH BO LINH','C3','NGOCLAN@YAHOO.COM');
 INSERT INTO HOCSINH VALUES('C3_17','TRAN HONG MINH','NAM',to_date('2/9/1990', 'dd/mm/yy'),'450 DINH BO LINH','C3','MINH@YAHOO.COM');
 INSERT INTO HOCSINH VALUES('C3_18','TRAN MINH KHA','NAM',to_date('21/3/1990', 'dd/mm/yy'),'65 DINH BO LINH','C3','KHA@YAHOO.COM');
 INSERT INTO HOCSINH VALUES('C3_19','NGUYEN MINH KHOA','NAM',to_date('12/3/1990', 'dd/mm/yy'),'61 DINH BO LINH','C3','KHOA@YAHOO.COM');
 INSERT INTO HOCSINH VALUES('C3_20','NGUYEN BAO KHOA','NAM',to_date('23/3/1990', 'dd/mm/yy'),'73 DINH BO LINH','C3','BAOKHOA@YAHOO.COM');
 INSERT INTO HOCSINH VALUES('C3_21','TRAN MINH VY','NU',to_date('5/3/1990', 'dd/mm/yy'),'61 DINH BO LINH','C3','MINHVY@YAHOO.COM');
 INSERT INTO HOCSINH VALUES('C3_22','DANG THANH VY','NU',to_date('12/5/3/1990', 'dd/mm/yy'),'151 NGO QUYEN','C3','THANHVY@YAHOO.COM');
 INSERT INTO HOCSINH VALUES('C3_23','TRAN THI ANH TUYET','NU',to_date('12/8/1990', 'dd/mm/yy'),'301NGO QUYEN','C3','TUYET@YAHOO.COM');
 INSERT INTO HOCSINH VALUES('C3_24','TRAN THI HANG NGA','NU',to_date('2/3/1990', 'dd/mm/yy'),'108 NGO QUYEN','C3','NGA@YAHOO.COM');
 INSERT INTO HOCSINH VALUES('C3_25','NGUYEN THI NGOC NGA','NU',to_date('25/3/1990', 'dd/mm/yy'),'72 NGO QUYEN','C3','NGOCNGA@YAHOO.COM');
 
  
 
COMMIT;
CREATE TABLE MONHOC (
	MAMON Varchar (2) ,
	TENMON varchar (10),
	CONSTRAINT MONHOC_MAMON_PK PRIMARY KEY (MAMON)
);
INSERT INTO MONHOC VALUES ('D1','Dia');
INSERT INTO MONHOC VALUES ('D2','Dao Duc');
INSERT INTO MONHOC VALUES ('H1','Hoa');
INSERT INTO MONHOC VALUES ('L1','Ly');
INSERT INTO MONHOC VALUES ('S1','Sinh');
INSERT INTO MONHOC VALUES ('S2','Su');
INSERT INTO MONHOC VALUES ('T1','Toan');
INSERT INTO MONHOC VALUES ('T2','The duc');
INSERT INTO MONHOC VALUES ('V1','Van');

COMMIT;

CREATE TABLE THAMSO (
	MaThamSo  varchar (4) ,
	TenThamSo varchar (30) ,
	GiaTri    NUMBER(7),
	GhiChu    varchar (40) ,
CONSTRAINT THAMSO_MA_PK PRIMARY KEY(MATHAMSO) 
);

INSERT INTO THAMSO VALUES('TS1', 'TUOI TOI THIEU',15,'TUOI TOI THIEU CUA HOC SINH');
INSERT INTO THAMSO VALUES('TS2','TUOI TOI ÐA',20,'TUOI TOI ÐA CUA HOC SINH');
INSERT INTO THAMSO VALUES('TS3','SI SO TOI ÐA',40,'SI SO TOI ÐA CUA LOP');
INSERT INTO THAMSO VALUES('TS4','ÐIEM TOI THIEU',0,'ÐIEM TOI THIEU');
INSERT INTO THAMSO VALUES('TS5','ÐIEM TOI ÐA',10,'ÐIEM TOI ÐA');
INSERT INTO THAMSO VALUES('TS6','SO MON HOC',9,null);
INSERT INTO THAMSO VALUES('TS7','DIEM CHUAN DAT MON',5,null);
COMMIT;

CREATE TABLE HOCKI (
	MAHOCKI    varchar (3)  ,
	TENHOCKI   varchar (8),
CONSTRAINT HOCKY_MAHOCKI_PK PRIMARY KEY (MAHOCKI)
);

INSERT INTO HOCKI VALUES('HK1','HOC KI 1');
INSERT INTO HOCKI VALUES('HK2','HOC KI 2');
COMMIT;

CREATE TABLE LOAIKIEMTRA (
	MALOAIKIEMTRA  NUMBER(7),
	TENLOAIKIEMTRA varchar (20), 
CONSTRAINT LOAIKT_MALOAI_PK PRIMARY KEY(MALOAIKIEMTRA)
) ;

INSERT INTO LOAIKIEMTRA VALUES(1,'ÐIEM 15 PHUT');
INSERT INTO LOAIKIEMTRA VALUES(2,'ÐIEM 1 TIET');
INSERT INTO LOAIKIEMTRA VALUES(3,'ÐIEM CUOI HOC KI');
COMMIT;

CREATE TABLE DIEMMON (
	MADIEMMON NUMBER(7),
	MAMONHOC  varchar (2) ,
	MAHOCKY   varchar (3) ,
	MAHOCSINH varchar (5),
	TRUNGBINH float ,
CONSTRAINT DIEMMON_MADIEMMON_PK PRIMARY KEY (MADIEMMON)
);
ALTER TABLE DIEMMON ADD CONSTRAINT DIEMMON_MONHOC_FK FOREIGN KEY (MAMONHOC) REFERENCES MONHOC(MAMON)ON DELETE CASCADE;
ALTER TABLE DIEMMON ADD CONSTRAINT DIEMMON_HOCKY_FK FOREIGN KEY (MAHOCKY) REFERENCES HOCKI(MAHOCKI)ON DELETE CASCADE;
ALTER TABLE DIEMMON ADD CONSTRAINT DIEMMON_HOCSINH_FK FOREIGN KEY (MAHOCSINH) REFERENCES HOCSINH(MAHS)ON DELETE CASCADE;
INSERT INTO DIEMMON VALUES(16,'D2','HK1','A1_1',8.3);
INSERT INTO DIEMMON VALUES(1,'D2','HK1','A1_2',5.3);
INSERT INTO DIEMMON VALUES(2,'H1','HK1','A1_1',5.7);
INSERT INTO DIEMMON VALUES(3,'H1','HK1','A1_2',5.3);
INSERT INTO DIEMMON VALUES(4,'L1','HK1','A1_1',5.7);
INSERT INTO DIEMMON VALUES(5,'L1','HK1','A1_2',5.3);
INSERT INTO DIEMMON VALUES(6,'S1','HK1','A1_1',5.7);
INSERT INTO DIEMMON VALUES(7,'S1','HK1','A1_2',5.3);
INSERT INTO DIEMMON VALUES(8,'S2','HK1','A1_1',5.7);
INSERT INTO DIEMMON VALUES(9,'S2','HK1','A1_2',5.3);
INSERT INTO DIEMMON VALUES(10,'T1','HK1','A1_1',5.7);
INSERT INTO DIEMMON VALUES(15,'T1','HK1','A1_2',5.7);
INSERT INTO DIEMMON VALUES(11,'T2','HK1','A1_1',5.7);
INSERT INTO DIEMMON VALUES(12,'T2','HK1','A1_2',5.3);
INSERT INTO DIEMMON VALUES(13,'V1','HK1','A1_1',5.7);
INSERT INTO DIEMMON VALUES(14,'V1','HK1','A1_2',5.7);
INSERT INTO DIEMMON VALUES(17,'D1','HK1','A1_1',8.3);
INSERT INTO DIEMMON VALUES(18,'D1','HK1','A1_2',5.3);

COMMIT;


CREATE TABLE CHITIETDIEM (
	MADMON NUMBER(7) ,
	MALOAIKIEMTRA NUMBER(7) ,
	DIEMSO FLOAT,
CONSTRAINT CTDIEM_MAMONKT_PK PRIMARY KEY (MADMON,MALOAIKIEMTRA) 
) ;

ALTER TABLE CHITIETDIEM ADD CONSTRAINT CT_KIEMTRA_FK FOREIGN KEY (MALOAIKIEMTRA) REFERENCES LOAIKIEMTRA(MALOAIKIEMTRA)ON DELETE CASCADE;
ALTER TABLE CHITIETDIEM ADD CONSTRAINT CT_DIEMMON_FK FOREIGN KEY (MADMON) REFERENCES DIEMMON(MADIEMMON)ON DELETE CASCADE;
COMMIT;

INSERT INTO CHITIETDIEM VALUES(1,1,4);
INSERT INTO CHITIETDIEM VALUES(1,2,5);
INSERT INTO CHITIETDIEM VALUES(1,3,6);
INSERT INTO CHITIETDIEM VALUES(2,1,5);
INSERT INTO CHITIETDIEM VALUES(2,2,6);
INSERT INTO CHITIETDIEM VALUES(2,3,7);
INSERT INTO CHITIETDIEM VALUES(3,1,5);
INSERT INTO CHITIETDIEM VALUES(3,2,6);
INSERT INTO CHITIETDIEM VALUES(3,3,7);
INSERT INTO CHITIETDIEM VALUES(4,1,4);
INSERT INTO CHITIETDIEM VALUES(4,2,5);
INSERT INTO CHITIETDIEM VALUES(4,3,6);
INSERT INTO CHITIETDIEM VALUES(5,1,5);
INSERT INTO CHITIETDIEM VALUES(5,2,6);
INSERT INTO CHITIETDIEM VALUES(5,3,7);
INSERT INTO CHITIETDIEM VALUES(6,1,5);
INSERT INTO CHITIETDIEM VALUES(6,2,6);
INSERT INTO CHITIETDIEM VALUES(6,3,7);
INSERT INTO CHITIETDIEM VALUES(7,1,4);
INSERT INTO CHITIETDIEM VALUES(7,2,5);
INSERT INTO CHITIETDIEM VALUES(7,3,6);
INSERT INTO CHITIETDIEM VALUES(8,1,5);
INSERT INTO CHITIETDIEM VALUES(8,2,6);
INSERT INTO CHITIETDIEM VALUES(8,3,7);
INSERT INTO CHITIETDIEM VALUES(9,1,5);
INSERT INTO CHITIETDIEM VALUES(9,2,6);
INSERT INTO CHITIETDIEM VALUES(9,3,7);
INSERT INTO CHITIETDIEM VALUES(10,1,4);
INSERT INTO CHITIETDIEM VALUES(10,2,5);
INSERT INTO CHITIETDIEM VALUES(10,3,6);
INSERT INTO CHITIETDIEM VALUES(11,1,5);
INSERT INTO CHITIETDIEM VALUES(11,2,6);
INSERT INTO CHITIETDIEM VALUES(11,3,7);
INSERT INTO CHITIETDIEM VALUES(12,1,5);
INSERT INTO CHITIETDIEM VALUES(12,2,6);
INSERT INTO CHITIETDIEM VALUES(12,3,7);
INSERT INTO CHITIETDIEM VALUES(13,1,4);
INSERT INTO CHITIETDIEM VALUES(13,2,5);
INSERT INTO CHITIETDIEM VALUES(13,3,6);
INSERT INTO CHITIETDIEM VALUES(14,1,5);
INSERT INTO CHITIETDIEM VALUES(14,2,6);
INSERT INTO CHITIETDIEM VALUES(14,3,7);
INSERT INTO CHITIETDIEM VALUES(15,1,5);
INSERT INTO CHITIETDIEM VALUES(15,2,6);
INSERT INTO CHITIETDIEM VALUES(15,3,7);
INSERT INTO CHITIETDIEM VALUES(16,1,5);
INSERT INTO CHITIETDIEM VALUES(16,2,6);
INSERT INTO CHITIETDIEM VALUES(16,3,7);
INSERT INTO CHITIETDIEM VALUES(17,1,5);
INSERT INTO CHITIETDIEM VALUES(17,2,6);
INSERT INTO CHITIETDIEM VALUES(17,3,7);
INSERT INTO CHITIETDIEM VALUES(18,1,5);
INSERT INTO CHITIETDIEM VALUES(18,2,6);
INSERT INTO CHITIETDIEM VALUES(18,3,7);

COMMIT;

rem create function
CREATE OR REPLACE  FUNCTION "F_TINH_DTB_HOCSINH_MON" 
(
V_MAHOCSINH VARCHAR,
V_MAMON VARCHAR
)
RETURN NUMBER
IS
DTB NUMBER(9,2);
BEGIN
  SELECT TRUNGBINH INTO DTB
  FROM DIEMMON
  WHERE MAMONHOC=V_MAMON AND MAHOCSINH=V_MAHOCSINH ;
  RETURN DTB;
END;

/
CREATE OR REPLACE  FUNCTION "F_SL_DAT_LOP"    (
V_MALOP VARCHAR,
V_MAHK VARCHAR
)
RETURN NUMBER
AS
V_SL_DAT NUMBER(9,2);
BEGIN
  SELECT COUNT(*) INTO V_SL_DAT
  FROM HOCSINH
  WHERE F_SOLUONG_DAT_MON(MAHS,V_MAHK)=9 AND MALOP=V_MALOP;
RETURN V_SL_DAT;
END;

/

CREATE OR REPLACE  FUNCTION "F_SL_DAT_MON"     (
v_mamon varchar,
v_malop varchar,
v_mahk varchar
)
return number
as
V_sl number(9,2);
begin
  select count(*) into V_sl
  from diemmon,hocsinh
  where mamonhoc=v_mamon and malop=v_malop and mahocky=v_mahk and mahs=mahocsinh and trungbinh>=5;
return V_sl;
end;
/
CREATE OR REPLACE  FUNCTION "F_SOLUONG_DAT_MON"   (
V_MAHS VARCHAR,
V_MAHK VARCHAR
)
RETURN  NUMBER
IS
 V_SL NUMBER(9,2);
BEGIN
select count(*) INTO V_SL
from v_dshs_lop
where mahocky=V_MAHK and maHS=V_MAHS and trungbinh>=5.0;
RETURN V_SL;
END;

/
rem create procedure

CREATE OR REPLACE  PROCEDURE  "CAPNHAT_DIEM"    (
  ma_mon DIEMMON.MADIEMMON%type,
  diem1 CHITIETDIEM.DIEMSO%type,
  diem2 CHITIETDIEM.DIEMSO%type,
  diem3 CHITIETDIEM.DIEMSO%type,
  TB DIEMMON.TRUNGBINH%type
)
as 
begin
      update DIEMMON set trungbinh=TB where madiemmon=ma_mon;	
			update chitietdiem set diemso =diem1 where madmon=ma_mon and maloaikiemtra=1;				
			update chitietdiem set diemso =diem2 where madmon=ma_mon and maloaikiemtra=2;
			update chitietdiem set diemso =diem3 where madmon=ma_mon and maloaikiemtra=3;
end;

/

CREATE OR REPLACE  PROCEDURE "CAPNHAT_HOCSINH"          (
 MA_HS  HOCSINH.MAHS%type,
 HO_TEN HOCSINH.HOTEN%type,
 GIOITINH HOCSINH.PHAI%type,
 NGAY_SINH varchar,
 DIA_CHI HOCSINH.DIACHI%type,
 E_MAIL HOCSINH.EMAIL%type
)
as
begin
  update hocsinh set HOTEN=HO_TEN,PHAI=GIOITINH,NGAYSINH=TO_DATE(NGAY_SINH, 'mm/dd/yyyy'),DIACHI=DIA_CHI,EMAIL=E_MAIL where MAHS=MA_HS;
end



/
CREATE OR REPLACE  PROCEDURE  "CAPNHAT_THAMSO"     (
  maTS THAMSO.MATHAMSO%type,
  tenTS THAMSO.TENTHAMSO%type,
  Gia_Tri THAMSO.GIATRI%type,
  Ghi_chu THAMSO.GHICHU%type
)
as 
begin
 
 UPDATE THAMSO SET tenthamso=tenTS,ghichu=Ghi_chu,GIATRI = Gia_Tri WHERE MATHAMSO=maTS;
end;

/
CREATE OR REPLACE  PROCEDURE  "INSERT_CTDIEM"  (
  maDM CHITIETDIEM.MADMON%type,
  maLoaiKT CHITIETDIEM.MALOAIKIEMTRA%type,
  diem CHITIETDIEM.DIEMSO%type
)
as 
begin
  INSERT INTO CHITIETDIEM VALUES(maDM ,maLoaiKT,diem);				
end;

/
CREATE OR REPLACE  PROCEDURE  "INSERT_DIEMMON"     (
  maDM DIEMMON.MADIEMMON%type,
  maMH DIEMMON.MAMONHOC%type,
  maHK DIEMMON.MAHOCKY%type,
  maHS DIEMMON.MAHOCSINH%type,
  diem1 CHITIETDIEM.DIEMSO%type,
  diem2 CHITIETDIEM.DIEMSO%type,
  diem3 CHITIETDIEM.DIEMSO%type,
  TB DIEMMON.TRUNGBINH%type
)
as
begin
  INSERT INTO DIEMMON VALUES(maDM ,maMH,maHK,maHS ,TB);
  INSERT INTO CHITIETDIEM VALUES(maDM ,1,diem1);				
  INSERT INTO CHITIETDIEM VALUES(maDM ,2,diem2);				
  INSERT INTO CHITIETDIEM VALUES(maDM ,3,diem3);				
  
end;

/

CREATE OR REPLACE  PROCEDURE "THEMHS"    (
 MA_HS  HOCSINH.MAHS%type,
 HO_TEN HOCSINH.HOTEN%type,
 GIOITINH HOCSINH.PHAI%type,
 NGAY_SINH varchar,
 DIA_CHI HOCSINH.DIACHI%type,
 MA_LOP HOCSINH.MALOP%type,
 E_MAIL HOCSINH.EMAIL%type,
 SI_SO LOP.SISO%type

)
as
begin
  insert into hocsinh values(MA_HS,HO_TEN,GIOITINH,to_date(NGAY_SINH, 'mm/dd/yy'),DIA_CHI,MA_LOP,E_MAIL);
  update lop set siso=SI_SO where malop=MA_LOP;
end;



/
CREATE OR REPLACE  PROCEDURE  "THEM_THAMSO"  (
  maTS THAMSO.MATHAMSO%type,
  tenTS THAMSO.TENTHAMSO%type,
  GiaTri THAMSO.GIATRI%type,
  Ghichu THAMSO.GHICHU%type
)
as 
begin
  INSERT INTO thamso VALUES(maTS , tenTS , GiaTri ,Ghichu );
end;

/

CREATE OR REPLACE  PROCEDURE  "XOAHOCSINH"    (
  MA_HS in HOCSINH.MAHS % type,
  MA_LOP in HOCSINH.MALOP % type,
  SI_SO in LOP.SISO % type
)
as 
begin
  delete from HOCSINH where MAHS=MA_HS;
  update lop set siso=SI_SO where malop=MA_LOP;
end;

/
CREATE OR REPLACE  PROCEDURE "XOA_DIEMMON"   (
  maDM DIEMMON.MADIEMMON%type
)
as
begin
  delete from DIEMMON where madiemmon=maDM;
  delete from chitietdiem where madmon=maDM;
end;

/
rem create view
CREATE OR REPLACE VIEW "DIEM_HK1" ("MAHS","HOTEN","PHAI",
    "NGAYSINH","DIACHI","MALOP","EMAIL","TENLOP","MAHOCSINH","MAMON",
    "TENMON","TRUNGBINH","HK") AS 
    select  distinct a.*,b.tenlop,mahocsinh , mamon, tenmon,
    trungbinh,mahocky HK
from monhoc,diemmon,hocsinh a ,lop b
where mahocky='HK1' and mamon=mamonhoc and mahs=mahocsinh and a.malop=b.malop WITH READ ONLY
/
CREATE OR REPLACE VIEW "DIEM_HK2" ("MAHS","HOTEN","PHAI",
    "NGAYSINH","DIACHI","MALOP","EMAIL","TENLOP","MAHOCSINH","MAMON",
    "TENMON","TRUNGBINH","HK") AS 
    select  distinct a.*,b.tenlop,mahocsinh , mamon, tenmon,
    trungbinh,mahocky HK
from monhoc,diemmon,hocsinh a ,lop b
where mahocky='HK2' and mamon=mamonhoc and mahs=mahocsinh and a.malop=b.malop WITH READ ONLY
/
CREATE OR REPLACE VIEW "V_BANGDIEM_LOP" ("MAHS","HOTEN",
    "HK1","HK2","TBCN","MALOP","TENLOP","MAMON","TENMON") AS 
    select distinct a.mahs,a.hoten,b.trungbinh HK1, c.trungbinh HK2 ,(
    b.trungbinh+c.trungbinh*2)/3 TBCN,b.malop,b.tenlop,b.mamon,b.
    tenmon
from hocsinh a , diem_hk1 b ,diem_hk2 c
where  b.mahs(+) =a.mahs and c.mahs(+)=a.mahs WITH READ ONLY
/
CREATE OR REPLACE VIEW "V_DSHS_LOP" ("MALOP","TENLOP",
    "MAHS","MAHOCKY","MAMONHOC","TRUNGBINH","HOTEN","NGAYSINH",
    "TENMON") AS 
    SELECT h.malop,l.tenlop, h.mahs, d.mahocky, d.mamonhoc, d.
    trungbinh, h.hoten, h.ngaysinh, m.tenmon
FROM hocsinh h, diemmon d, monhoc m ,lop l
WHERE h.mahs=d.mahocsinh and d.mamonhoc=m.mamon and h.malop=l.malop WITH READ ONLY
/
CREATE OR REPLACE VIEW "V_TYLE" ("MALOP","TENLOP",
    "TENHOCKI","SISO","SLDAT","TYLE","MAHOCKI") AS 
    SELECT MALOP, TENLOP,TENHOCKI,SISO,F_SL_DAT_LOP(MALOP,MAHOCKI) 
    sldat,(F_SL_DAT_LOP(MALOP,MAHOCKI)/ SISO)*100 tyle,MAHOCKI
FROM LOP,HOCKI WITH READ ONLY
/

CREATE OR REPLACE VIEW "V_TYLE_MON" ("MALOP","TENLOP",
    "MAMON","TENMON","MAHOCKI","TENHOCKI","SISO","SLDAT","TYLE") AS 
    select malop,tenlop,mamon,tenmon,mahocki,tenhocki,siso,
    F_Sl_Dat_Mon(mamon,malop,
    mahocki) Sldat,(F_Sl_Dat_Mon(mamon,malop,mahocki)/siso)*100 tyle
from hocki,lop,monhoc  WITH READ ONLY
/
rem thu
rem select * from V_Temp
rem where malop='C1'and mamon='D1';

prompt End