<?xml version="1.0"?>
<LanguagePack xmlns:xsi="http://www.w3.org/2001/XMLSchema-instance" xmlns:xsd="http://www.w3.org/2001/XMLSchema" Version="3.0">
  <Culture Code="vi-VN" DisplayName="Tiếng Việt (Việt Nam)" />
  <Files>
    <File FileName="GlobalResources.vi-VN.resx" FileType="GlobalResource" />
    <File FileName="SharedResources.vi-VN.resx" FileType="GlobalResource" />
    <File FileName="TimeZones.vi-VN.xml" FileType="GlobalResource" />
    <File FileName="Address.ascx.vi-VN.resx" FileType="ControlResource" />
    <File FileName="DualListControl.ascx.vi-VN.resx" FileType="ControlResource" />
    <File FileName="Help.ascx.vi-VN.resx" FileType="ControlResource" />
    <File FileName="ModuleAuditControl.ascx.vi-VN.resx" FileType="ControlResource" />
    <File FileName="SkinControl.ascx.vi-VN.resx" FileType="ControlResource" />
    <File FileName="TextEditor.ascx.vi-VN.resx" FileType="ControlResource" />
    <File FileName="URLControl.ascx.vi-VN.resx" FileType="ControlResource" />
    <File FileName="UrlTrackingControl.ascx.vi-VN.resx" FileType="ControlResource" />
    <File FileName="User.ascx.vi-VN.resx" FileType="ControlResource" />
    <File FileName="Classic.ascx.vi-VN.resx" FileType="AdminResource" ModuleName="ControlPanel" />
    <File FileName="IconBar.ascx.vi-VN.resx" FileType="AdminResource" ModuleName="ControlPanel" />
    <File FileName="FileManager.ascx.vi-VN.resx" FileType="AdminResource" ModuleName="Files" />
    <File FileName="WebUpload.ascx.vi-VN.resx" FileType="AdminResource" ModuleName="Files" />
    <File FileName="FriendlyUrls.ascx.vi-VN.resx" FileType="AdminResource" ModuleName="Host" />
    <File FileName="HostSettings.ascx.vi-VN.resx" FileType="AdminResource" ModuleName="Host" />
    <File FileName="ListEditor.ascx.vi-VN.resx" FileType="AdminResource" ModuleName="Lists" />
    <File FileName="LanguageEditor.ascx.vi-VN.resx" FileType="AdminResource" ModuleName="Localization" />
    <File FileName="LanguageEditorExt.ascx.vi-VN.resx" FileType="AdminResource" ModuleName="Localization" />
    <File FileName="LanguagePack.ascx.vi-VN.resx" FileType="AdminResource" ModuleName="Localization" />
    <File FileName="Languages.ascx.vi-VN.resx" FileType="AdminResource" ModuleName="Localization" />
    <File FileName="ResourceVerifier.ascx.vi-VN.resx" FileType="AdminResource" ModuleName="Localization" />
    <File FileName="TimeZoneEditor.ascx.vi-VN.resx" FileType="AdminResource" ModuleName="Localization" />
    <File FileName="SiteLog.ascx.vi-VN.resx" FileType="AdminResource" ModuleName="Log" />
    <File FileName="EditLogTypes.ascx.vi-VN.resx" FileType="AdminResource" ModuleName="Logging" />
    <File FileName="LogViewer.ascx.vi-VN.resx" FileType="AdminResource" ModuleName="Logging" />
    <File FileName="EditModuleControl.ascx.vi-VN.resx" FileType="AdminResource" ModuleName="ModuleDefinitions" />
    <File FileName="EditModuleDefinition.ascx.vi-VN.resx" FileType="AdminResource" ModuleName="ModuleDefinitions" />
    <File FileName="ModuleDefinitions.ascx.vi-VN.resx" FileType="AdminResource" ModuleName="ModuleDefinitions" />
    <File FileName="ModuleDefValidator.ascx.vi-VN.resx" FileType="AdminResource" ModuleName="ModuleDefinitions" />
    <File FileName="PrivateAssembly.ascx.vi-VN.resx" FileType="AdminResource" ModuleName="ModuleDefinitions" />
    <File FileName="Export.ascx.vi-VN.resx" FileType="AdminResource" ModuleName="Modules" />
    <File FileName="Import.ascx.vi-VN.resx" FileType="AdminResource" ModuleName="Modules" />
    <File FileName="ModuleSettings.ascx.vi-VN.resx" FileType="AdminResource" ModuleName="Modules" />
    <File FileName="EditPortalAlias.ascx.vi-VN.resx" FileType="AdminResource" ModuleName="Portal" />
    <File FileName="PortalAlias.ascx.vi-VN.resx" FileType="AdminResource" ModuleName="Portal" />
    <File FileName="Portals.ascx.vi-VN.resx" FileType="AdminResource" ModuleName="Portal" />
    <File FileName="Privacy.ascx.vi-VN.resx" FileType="AdminResource" ModuleName="Portal" />
    <File FileName="Signup.ascx.vi-VN.resx" FileType="AdminResource" ModuleName="Portal" />
    <File FileName="SiteSettings.ascx.vi-VN.resx" FileType="AdminResource" ModuleName="Portal" />
    <File FileName="SiteWizard.ascx.vi-VN.resx" FileType="AdminResource" ModuleName="Portal" />
    <File FileName="SQL.ascx.vi-VN.resx" FileType="AdminResource" ModuleName="Portal" />
    <File FileName="template.ascx.vi-VN.resx" FileType="AdminResource" ModuleName="Portal" />
    <File FileName="Terms.ascx.vi-VN.resx" FileType="AdminResource" ModuleName="Portal" />
    <File FileName="EditSchedule.ascx.vi-VN.resx" FileType="AdminResource" ModuleName="Scheduling" />
    <File FileName="ViewSchedule.ascx.vi-VN.resx" FileType="AdminResource" ModuleName="Scheduling" />
    <File FileName="ViewScheduleHistory.ascx.vi-VN.resx" FileType="AdminResource" ModuleName="Scheduling" />
    <File FileName="ViewScheduleStatus.ascx.vi-VN.resx" FileType="AdminResource" ModuleName="Scheduling" />
    <File FileName="InputSettings.ascx.vi-VN.resx" FileType="AdminResource" ModuleName="Search" />
    <File FileName="ResultsSettings.ascx.vi-VN.resx" FileType="AdminResource" ModuleName="Search" />
    <File FileName="SearchAdmin.ascx.vi-VN.resx" FileType="AdminResource" ModuleName="Search" />
    <File FileName="SearchInput.ascx.vi-VN.resx" FileType="AdminResource" ModuleName="Search" />
    <File FileName="SearchResults.ascx.vi-VN.resx" FileType="AdminResource" ModuleName="Search" />
    <File FileName="AccessDenied.ascx.vi-VN.resx" FileType="AdminResource" ModuleName="Security" />
    <File FileName="AuthenticationSettings.ascx.vi-VN.resx" FileType="AdminResource" ModuleName="Security" />
    <File FileName="EditGroups.ascx.vi-VN.resx" FileType="AdminResource" ModuleName="Security" />
    <File FileName="EditRoles.ascx.vi-VN.resx" FileType="AdminResource" ModuleName="Security" />
    <File FileName="Register.ascx.vi-VN.resx" FileType="AdminResource" ModuleName="Security" />
    <File FileName="Roles.ascx.vi-VN.resx" FileType="AdminResource" ModuleName="Security" />
    <File FileName="SecurityRoles.ascx.vi-VN.resx" FileType="AdminResource" ModuleName="Security" />
    <File FileName="SendPassword.ascx.vi-VN.resx" FileType="AdminResource" ModuleName="Security" />
    <File FileName="Signin.ascx.vi-VN.resx" FileType="AdminResource" ModuleName="Security" />
    <File FileName="Banner.ascx.vi-VN.resx" FileType="AdminResource" ModuleName="Skins" />
    <File FileName="BreadCrumb.ascx.vi-VN.resx" FileType="AdminResource" ModuleName="Skins" />
    <File FileName="Copyright.ascx.vi-VN.resx" FileType="AdminResource" ModuleName="Skins" />
    <File FileName="EditSkins.ascx.vi-VN.resx" FileType="AdminResource" ModuleName="Skins" />
    <File FileName="Login.ascx.vi-VN.resx" FileType="AdminResource" ModuleName="Skins" />
    <File FileName="Privacy.ascx.vi-VN.resx" FileType="AdminResource" ModuleName="Skins" />
    <File FileName="Search.ascx.vi-VN.resx" FileType="AdminResource" ModuleName="Skins" />
    <File FileName="Terms.ascx.vi-VN.resx" FileType="AdminResource" ModuleName="Skins" />
    <File FileName="TreeViewMenu.ascx.vi-VN.resx" FileType="AdminResource" ModuleName="Skins" />
    <File FileName="User.ascx.vi-VN.resx" FileType="AdminResource" ModuleName="Skins" />
    <File FileName="ManageTabs.ascx.vi-VN.resx" FileType="AdminResource" ModuleName="Tabs" />
    <File FileName="RecycleBin.ascx.vi-VN.resx" FileType="AdminResource" ModuleName="Tabs" />
    <File FileName="Tabs.ascx.vi-VN.resx" FileType="AdminResource" ModuleName="Tabs" />
    <File FileName="BulkEmail.ascx.vi-VN.resx" FileType="AdminResource" ModuleName="Users" />
    <File FileName="EditProfileDefinition.ascx.vi-VN.resx" FileType="AdminResource" ModuleName="Users" />
    <File FileName="ManageUsers.ascx.vi-VN.resx" FileType="AdminResource" ModuleName="Users" />
    <File FileName="MemberServices.ascx.vi-VN.resx" FileType="AdminResource" ModuleName="Users" />
    <File FileName="Membership.ascx.vi-VN.resx" FileType="AdminResource" ModuleName="Users" />
    <File FileName="Password.ascx.vi-VN.resx" FileType="AdminResource" ModuleName="Users" />
    <File FileName="Profile.ascx.vi-VN.resx" FileType="AdminResource" ModuleName="Users" />
    <File FileName="ProfileDefinitions.ascx.vi-VN.resx" FileType="AdminResource" ModuleName="Users" />
    <File FileName="User.ascx.vi-VN.resx" FileType="AdminResource" ModuleName="Users" />
    <File FileName="Users.ascx.vi-VN.resx" FileType="AdminResource" ModuleName="Users" />
    <File FileName="UserSettings.ascx.vi-VN.resx" FileType="AdminResource" ModuleName="Users" />
    <File FileName="ViewProfile.ascx.vi-VN.resx" FileType="AdminResource" ModuleName="Users" />
    <File FileName="Affiliates.ascx.vi-VN.resx" FileType="AdminResource" ModuleName="Vendors" />
    <File FileName="BannerOptions.ascx.vi-VN.resx" FileType="AdminResource" ModuleName="Vendors" />
    <File FileName="Banners.ascx.vi-VN.resx" FileType="AdminResource" ModuleName="Vendors" />
    <File FileName="DisplayBanners.ascx.vi-VN.resx" FileType="AdminResource" ModuleName="Vendors" />
    <File FileName="EditAffiliate.ascx.vi-VN.resx" FileType="AdminResource" ModuleName="Vendors" />
    <File FileName="EditBanner.ascx.vi-VN.resx" FileType="AdminResource" ModuleName="Vendors" />
    <File FileName="EditVendors.ascx.vi-VN.resx" FileType="AdminResource" ModuleName="Vendors" />
    <File FileName="Vendors.ascx.vi-VN.resx" FileType="AdminResource" ModuleName="Vendors" />
  </Files>
</LanguagePack>